term;corpus;value
would;adboard_data;36
think;adboard_data;36
coupons;adboard_data;5
include;adboard_data;10
take;adboard_data;9
ideas;adboard_data;6
couponscoupons;adboard_data;5
survey;adboard_data;5
recipes;adboard_data;3
etc;adboard_data;11
page;adboard_data;5
one;adboard_data;20
free;adboard_data;5
thermal;adboard_data;2
carrier;adboard_data;2
time;adboard_data;21
food;adboard_data;2
see;adboard_data;27
previous;adboard_data;8
love;adboard_data;5
protein;adboard_data;5
ideasideas;adboard_data;6
kit;adboard_data;10
put;adboard_data;9
together;adboard_data;6
quite;adboard_data;7
well;adboard_data;22
future;adboard_data;5
trips;adboard_data;1
store;adboard_data;2
none;adboard_data;5
currently;adboard_data;4
ask;adboard_data;11
referrals;adboard_data;4
welcome;adboard_data;1
letter;adboard_data;3
spaces;adboard_data;1
names;adboard_data;3
emails;adboard_data;2
nps;adboard_data;5
pas;adboard_data;2
extra;adboard_data;4
pass;adboard_data;1
friends;adboard_data;2
family;adboard_data;7
challenge;adboard_data;5
feel;adboard_data;12
better;adboard_data;14
stay;adboard_data;7
healthier;adboard_data;2
link;adboard_data;4
site;adboard_data;4
suggested;adboard_data;5
uses;adboard_data;2
talked;adboard_data;4
earlier;adboard_data;5
sessions;adboard_data;2
evidence-based;adboard_data;2
resources;adboard_data;8
perhaps;adboard_data;10
professional;adboard_data;4
separate;adboard_data;1
patients;adboard_data;33
know;adboard_data;18
generous;adboard_data;1
offer;adboard_data;3
product;adboard_data;12
however;adboard_data;13
marketing;adboard_data;3
standpoint;adboard_data;4
years;adboard_data;8
seen;adboard_data;13
various;adboard_data;4
companies;adboard_data;4
travel;adboard_data;2
pouch;adboard_data;2
products;adboard_data;6
envision;adboard_data;1
busy;adboard_data;6
providers;adboard_data;15
ca;adboard_data;2
lunch;adboard_data;4
need;adboard_data;18
something;adboard_data;14
sustain;adboard_data;1
long;adboard_data;8
days;adboard_data;7
small;adboard_data;5
soft-sided;adboard_data;1
abbott;adboard_data;4
logo;adboard_data;1
fit;adboard_data;4
purse;adboard_data;1
bag;adboard_data;1
coat;adboard_data;1
pocket;adboard_data;1
possibly;adboard_data;1
re-usable;adboard_data;1
cold;adboard_data;1
pack;adboard_data;1
time-saver;adboard_data;1
forage;adboard_data;1
settle;adboard_data;1
less;adboard_data;10
healthy;adboard_data;5
options;adboard_data;7
thought;adboard_data;6
please;adboard_data;9
comment;adboard_data;10
regarding;adboard_data;12
try;adboard_data;16
buy;adboard_data;4
additional;adboard_data;10
enticement;adboard_data;3
complete;adboard_data;10
enhance;adboard_data;5
use;adboard_data;23
glucerna;adboard_data;6
like;adboard_data;29
idea;adboard_data;7
text;adboard_data;6
message;adboard_data;5
reminders;adboard_data;4
could;adboard_data;19
also;adboard_data;28
remind;adboard_data;3
patient;adboard_data;32
exercise;adboard_data;2
sort;adboard_data;2
approach;adboard_data;2
overall;adboard_data;5
wellness;adboard_data;1
app;adboard_data;3
variety;adboard_data;3
flavors;adboard_data;3
recipe;adboard_data;1
pretty;adboard_data;7
comprehensive;adboard_data;1
thing;adboard_data;5
might;adboard_data;12
consider;adboard_data;3
adding;adboard_data;3
single;adboard_data;1
back;adboard_data;11
clinician;adboard_data;8
questions;adboard_data;10
barriers;adboard_data;2
successes;adboard_data;1
ensure;adboard_data;5
max;adboard_data;1
agree;adboard_data;22
ashlyn;adboard_data;10
meal;adboard_data;6
snack;adboard_data;3
sources;adboard_data;1
recommendation;adboard_data;1
kitkit;adboard_data;8
tripstrips;adboard_data;1
nonenone;adboard_data;3
surveysurvey;adboard_data;5
paspas;adboard_data;1
familyfamily;adboard_data;3
feelfeel;adboard_data;5
staystay;adboard_data;1
sitesite;adboard_data;3
recipesrecipes;adboard_data;1
resourcesresources;adboard_data;7
separateseparate;adboard_data;1
patientspatients;adboard_data;30
productproduct;adboard_data;10
yearsyears;adboard_data;6
companiescompanies;adboard_data;4
productsproducts;adboard_data;6
providersproviders;adboard_data;12
lunchlunch;adboard_data;3
somethingsomething;adboard_data;7
logologo;adboard_data;1
pocketpocket;adboard_data;1
packpack;adboard_data;1
foodfood;adboard_data;2
optionsoptions;adboard_data;5
commentcomment;adboard_data;6
trytry;adboard_data;5
useuse;adboard_data;9
remindersreminders;adboard_data;4
flavorsflavors;adboard_data;2
thingthing;adboard_data;5
pagepage;adboard_data;2
successessuccesses;adboard_data;1
proteinprotein;adboard_data;2
sourcessources;adboard_data;1
etcetc;adboard_data;3
recommendationrecommendation;adboard_data;1
email;adboard_data;6
rep;adboard_data;6
sign;adboard_data;7
many;adboard_data;13
person;adboard_data;13
emailsemails;adboard_data;1
either;adboard_data;11
look;adboard_data;3
mail;adboard_data;4
often;adboard_data;12
in-person;adboard_data;2
meeting;adboard_data;8
signsign;adboard_data;1
comments;adboard_data;14
throughout;adboard_data;3
day;adboard_data;11
individual;adboard_data;2
recognize;adboard_data;1
compelling;adboard_data;1
subject;adboard_data;1
line;adboard_data;4
delete;adboard_data;1
without;adboard_data;11
reading;adboard_data;2
prevent;adboard_data;2
recommend;adboard_data;7
quick;adboard_data;6
heads;adboard_data;2
local;adboard_data;6
details;adboard_data;3
vs;adboard_data;3
sit;adboard_data;1
demo;adboard_data;1
come;adboard_data;10
directly;adboard_data;7
someone;adboard_data;4
knows;adboard_data;3
patient-kit;adboard_data;1
via;adboard_data;5
face-to-face;adboard_data;1
visit;adboard_data;7
improve;adboard_data;3
e-mail;adboard_data;1
communication;adboard_data;10
make;adboard_data;17
useful;adboard_data;6
tune;adboard_data;1
needs;adboard_data;7
constraints;adboard_data;3
specific;adboard_data;13
circumstances;adboard_data;1
efficient;adboard_data;4
thoughts;adboard_data;3
greatly;adboard_data;3
appreciated;adboard_data;4
face;adboard_data;3
dayday;adboard_data;6
lineline;adboard_data;3
deletedelete;adboard_data;1
preventprevent;adboard_data;1
detailsdetails;adboard_data;3
emailemail;adboard_data;1
knowsknows;adboard_data;1
patient-kitpatient-kit;adboard_data;1
visitvisit;adboard_data;2
communicationcommunication;adboard_data;6
circumstancescircumstances;adboard_data;1
thoughtsthoughts;adboard_data;3
prefer;adboard_data;9
form;adboard_data;7
judgement;adboard_data;1
biased;adboard_data;1
understand;adboard_data;8
job;adboard_data;5
sell;adboard_data;1
value;adboard_data;3
way;adboard_data;11
likely;adboard_data;7
personal;adboard_data;5
perspective;adboard_data;7
frequently;adboard_data;4
things;adboard_data;8
mind;adboard_data;4
stress;adboard_data;1
ed;adboard_data;3
obligation;adboard_data;1
purchase;adboard_data;2
require;adboard_data;8
credit;adboard_data;2
card;adboard_data;3
receive;adboard_data;5
already;adboard_data;14
assist;adboard_data;4
provider;adboard_data;12
flexible;adboard_data;1
schedule;adboard_data;6
request;adboard_data;5
becomes;adboard_data;1
white;adboard_data;1
noise;adboard_data;1
may;adboard_data;20
perceived;adboard_data;3
spam;adboard_data;1
increase;adboard_data;5
utilization;adboard_data;1
delivery;adboard_data;1
briefly;adboard_data;1
explain;adboard_data;2
purpose;adboard_data;2
address;adboard_data;1
initial;adboard_data;6
point;adboard_data;15
contact;adboard_data;14
usually;adboard_data;7
effective;adboard_data;2
thanks;adboard_data;13
much;adboard_data;22
thoughtful;adboard_data;3
smith;adboard_data;7
pa;adboard_data;10
judgementjudgement;adboard_data;1
reprep;adboard_data;1
sellsell;adboard_data;1
looklook;adboard_data;1
thingsthings;adboard_data;7
purchasepurchase;adboard_data;1
cardcard;adboard_data;2
agreeagree;adboard_data;3
requestrequest;adboard_data;2
noisenoise;adboard_data;1
spamspam;adboard_data;1
brieflybriefly;adboard_data;1
questionsquestions;adboard_data;8
meetingmeeting;adboard_data;4
effectiveeffective;adboard_data;1
thanksthanks;adboard_data;7
commentscomments;adboard_data;12
helpful;adboard_data;20
drink;adboard_data;1
materials;adboard_data;4
others;adboard_data;11
electronic;adboard_data;3
cumbersome;adboard_data;1
scare;adboard_data;1
older;adboard_data;2
generation;adboard_data;2
offering;adboard_data;1
feedback;adboard_data;6
lose;adboard_data;3
weight;adboard_data;5
really;adboard_data;10
packaging;adboard_data;1
saying;adboard_data;2
equal;adboard_data;1
half;adboard_data;5
bagel;adboard_data;1
succinct;adboard_data;1
self;adboard_data;1
explanatory;adboard_data;1
lisa;adboard_data;3
jasper;adboard_data;3
rn;adboard_data;12
dnp;adboard_data;3
msn;adboard_data;10
fnp;adboard_data;3
mba;adboard_data;3
always;adboard_data;9
website;adboard_data;9
diet;adboard_data;1
question;adboard_data;13
section;adboard_data;3
new;adboard_data;11
nothing;adboard_data;3
adequate;adboard_data;5
simple;adboard_data;10
enough;adboard_data;5
people;adboard_data;11
utilize;adboard_data;8
needsneeds;adboard_data;3
scarescare;adboard_data;1
generationgeneration;adboard_data;1
feedbackfeedback;adboard_data;4
referralsreferrals;adboard_data;3
friendsfriends;adboard_data;1
healthyhealthy;adboard_data;3
pleaseplease;adboard_data;4
materialsmaterials;adboard_data;3
helpfulhelpful;adboard_data;10
messagemessage;adboard_data;1
nothingnothing;adboard_data;2
peoplepeople;adboard_data;9
previousprevious;adboard_data;1
exercises;adboard_data;1
exercisesexercises;adboard_data;1
help;adboard_data;19
maybe;adboard_data;7
amounts;adboard_data;1
drinking;adboard_data;1
daily;adboard_data;9
ideaidea;adboard_data;4
using;adboard_data;7
follow;adboard_data;5
supplement;adboard_data;1
type;adboard_data;6
encourage;adboard_data;2
increasing;adboard_data;1
activity;adboard_data;1
ex;adboard_data;1
chair;adboard_data;1
walking;adboard_data;1
minutes;adboard_data;1
floor;adboard_data;1
expand;adboard_data;3
mean;adboard_data;2
recommended;adboard_data;1
calculator;adboard_data;2
tool;adboard_data;2
find;adboard_data;8
amountsamounts;adboard_data;1
helphelp;adboard_data;6
exerciseexercise;adboard_data;1
stationary;adboard_data;1
bike;adboard_data;1
example;adboard_data;5
portion;adboard_data;3
review;adboard_data;6
plate;adboard_data;1
method;adboard_data;1
maintain;adboard_data;2
sustainability;adboard_data;1
brief;adboard_data;4
overview;adboard_data;2
basics;adboard_data;2
diabetes;adboard_data;3
eating;adboard_data;2
appropriate;adboard_data;5
carbohydrate;adboard_data;1
snacks;adboard_data;1
meals;adboard_data;3
maria;adboard_data;4
lena;adboard_data;4
walls;adboard_data;4
np;adboard_data;7
deficient;adboard_data;1
including;adboard_data;7
direct;adboard_data;3
calorie;adboard_data;1
controlled;adboard_data;2
lot;adboard_data;6
looking;adboard_data;3
low;adboard_data;6
carb;adboard_data;3
refrigeration;adboard_data;1
web;adboard_data;1
document;adboard_data;2
development;adboard_data;3
similar;adboard_data;8
myfitnesspal;adboard_data;1
progress;adboard_data;1
ie;adboard_data;1
documentation;adboard_data;2
rewards;adboard_data;1
components;adboard_data;2
response;adboard_data;4
last;adboard_data;1
option;adboard_data;6
clarifying;adboard_data;1
reviewreview;adboard_data;1
sustainabilitysustainability;adboard_data;1
basicsbasics;adboard_data;2
supplementsupplement;adboard_data;1
mariamaria;adboard_data;3
tooltool;adboard_data;2
caloriecalorie;adboard_data;1
documentdocument;adboard_data;2
ieie;adboard_data;1
dailydaily;adboard_data;1
documentationdocumentation;adboard_data;2
componentscomponents;adboard_data;2
questionquestion;adboard_data;7
kits;adboard_data;4
starter;adboard_data;2
used;adboard_data;11
kitskits;adboard_data;3
insulin;adboard_data;1
pens;adboard_data;1
mentioned;adboard_data;5
servings;adboard_data;1
pt;adboard_data;5
servingsservings;adboard_data;1
routinely;adboard_data;2
needles;adboard_data;2
directions;adboard_data;2
fingerstick;adboard_data;1
log;adboard_data;2
included;adboard_data;5
favorite;adboard_data;1
mine;adboard_data;3
slide-rule;adboard_data;1
cho;adboard_data;1
fats;adboard_data;1
based;adboard_data;13
caloric;adboard_data;1
intake;adboard_data;2
gestational;adboard_data;1
dm;adboard_data;1
pamphlet;adboard_data;2
made;adboard_data;10
easy;adboard_data;7
mostly;adboard_data;4
glucometers;adboard_data;1
videos;adboard_data;1
glucose;adboard_data;1
logs;adboard_data;1
primarily;adboard_data;1
samples;adboard_data;6
tailor;adboard_data;1
eg;adboard_data;2
pump;adboard_data;9
counting;adboard_data;1
books;adboard_data;1
examples;adboard_data;2
never;adboard_data;5
directionsdirections;adboard_data;2
sectionsection;adboard_data;1
caloriccaloric;adboard_data;1
pamphletpamphlet;adboard_data;1
mealmeal;adboard_data;2
ashlynashlyn;adboard_data;3
glucometersglucometers;adboard_data;1
penspens;adboard_data;1
logslogs;adboard_data;1
ptpt;adboard_data;1
examplesexamples;adboard_data;2
live;adboard_data;3
working;adboard_data;6
changes;adboard_data;5
responses;adboard_data;4
thinking;adboard_data;2
influence;adboard_data;1
benefit;adboard_data;10
go;adboard_data;12
work;adboard_data;11
lifestyle;adboard_data;1
living;adboard_data;2
thank;adboard_data;7
busybusy;adboard_data;2
motivation;adboard_data;3
high;adboard_data;4
diabetics;adboard_data;2
healthcare;adboard_data;4
eat;adboard_data;1
motivated;adboard_data;2
addition;adboard_data;4
great;adboard_data;18
suggestions;adboard_data;3
whose;adboard_data;1
situations;adboard_data;3
interfere;adboard_data;1
attempts;adboard_data;2
children;adboard_data;1
partners;adboard_data;4
plan;adboard_data;3
thus;adboard_data;2
faced;adboard_data;2
making;adboard_data;4
versions;adboard_data;1
parents;adboard_data;2
young;adboard_data;3
kiddos;adboard_data;1
teens;adboard_data;1
extracurriculars;adboard_data;1
professionals;adboard_data;1
commute;adboard_data;1
psychosocial;adboard_data;1
factors;adboard_data;3
leave;adboard_data;1
prepared;adboard_data;1
track;adboard_data;3
characteristics;adboard_data;1
provides;adboard_data;3
ages;adboard_data;1
wanting;adboard_data;3
changeschanges;adboard_data;4
suggestionssuggestions;adboard_data;2
situationssituations;adboard_data;1
partnerspartners;adboard_data;2
planplan;adboard_data;3
parentsparents;adboard_data;1
kiddoskiddos;adboard_data;1
professionalsprofessionals;adboard_data;1
factorsfactors;adboard_data;3
easyeasy;adboard_data;3
characteristicscharacteristics;adboard_data;1
benefitbenefit;adboard_data;1
agesages;adboard_data;1
potential;adboard_data;10
malnutrition;adboard_data;1
supportive;adboard_data;3
partner;adboard_data;4
chance;adboard_data;3
replacements;adboard_data;2
bmi;adboard_data;1
obese;adboard_data;1
pre;adboard_data;2
disorders;adboard_data;5
limited;adboard_data;3
mobility;adboard_data;1
trust;adboard_data;2
ways;adboard_data;3
lives;adboard_data;1
simpler;adboard_data;3
health;adboard_data;2
literacy;adboard_data;1
unmet;adboard_data;1
dietary;adboard_data;2
reasons;adboard_data;8
trying;adboard_data;5
still;adboard_data;6
schedules;adboard_data;2
talking;adboard_data;1
strong;adboard_data;1
desire;adboard_data;1
focuses;adboard_data;1
populations;adboard_data;1
individuals;adboard_data;2
cholesterol;adboard_data;1
intermittent;adboard_data;1
fasting;adboard_data;1
shown;adboard_data;1
benefits;adboard_data;2
wonderful;adboard_data;1
launch;adboard_data;1
easily;adboard_data;3
accessible;adboard_data;3
cost;adboard_data;4
change;adboard_data;7
hit;adboard_data;2
frustrated;adboard_data;1
direction;adboard_data;2
want;adboard_data;12
loss;adboard_data;2
program;adboard_data;12
control;adboard_data;2
chronic;adboard_data;1
diseases;adboard_data;1
post;adboard_data;5
hospitalization;adboard_data;3
hunger;adboard_data;1
alone;adboard_data;1
cook;adboard_data;2
mealsmeals;adboard_data;2
partnerpartner;adboard_data;3
chancechance;adboard_data;1
lowlow;adboard_data;3
diabetesdiabetes;adboard_data;1
diabeticsdiabetics;adboard_data;2
waysways;adboard_data;2
literacyliteracy;adboard_data;1
manymany;adboard_data;2
desiredesire;adboard_data;1
eateat;adboard_data;1
populationspopulations;adboard_data;1
cholesterolcholesterol;adboard_data;1
intermittentintermittent;adboard_data;1
newnew;adboard_data;2
lifestylelifestyle;adboard_data;1
barriersbarriers;adboard_data;1
programprogram;adboard_data;9
diseasesdiseases;adboard_data;1
tracktrack;adboard_data;2
opinion;adboard_data;3
depends;adboard_data;8
opinionopinion;adboard_data;3
another;adboard_data;8
experience;adboard_data;10
hear;adboard_data;4
tips;adboard_data;3
experienceexperience;adboard_data;5
listen;adboard_data;1
basing;adboard_data;1
good;adboard_data;23
proof;adboard_data;1
yes;adboard_data;13
depend;adboard_data;2
knowledgeable;adboard_data;3
decisions;adboard_data;1
data;adboard_data;4
outcomes;adboard_data;3
success;adboard_data;6
respect;adboard_data;1
opinions;adboard_data;1
peers;adboard_data;2
appreciate;adboard_data;4
input;adboard_data;1
compare;adboard_data;1
lack;adboard_data;5
sway;adboard_data;1
clinicians;adboard_data;4
successfully;adboard_data;2
proofproof;adboard_data;1
knowledgeableknowledgeable;adboard_data;2
professionalprofessional;adboard_data;2
decisionsdecisions;adboard_data;1
outcomesoutcomes;adboard_data;2
npnp;adboard_data;3
papa;adboard_data;3
peerspeers;adboard_data;2
inputinput;adboard_data;1
cliniciansclinicians;adboard_data;2
paper;adboard_data;2
give;adboard_data;9
choice;adboard_data;2
optional;adboard_data;2
concrete;adboard_data;1
everyone;adboard_data;8
surveys;adboard_data;2
best;adboard_data;12
manage;adboard_data;3
population;adboard_data;5
elderly;adboard_data;1
definitely;adboard_data;7
postage;adboard_data;1
paid;adboard_data;1
tri-fold;adboard_data;1
fold;adboard_data;1
seal;adboard_data;1
drop;adboard_data;1
short;adboard_data;4
immediately;adboard_data;3
return;adboard_data;2
answer;adboard_data;11
vast;adboard_data;1
majority;adboard_data;5
easier;adboard_data;6
choicechoice;adboard_data;1
everyoneeveryone;adboard_data;3
surveyssurveys;adboard_data;2
managemanage;adboard_data;1
paperpaper;adboard_data;1
postagepostage;adboard_data;1
mailmail;adboard_data;2
returnreturn;adboard_data;2
electronicelectronic;adboard_data;1
notes;adboard_data;3
duopa;adboard_data;21
sure;adboard_data;15
needed;adboard_data;6
notesnotes;adboard_data;3
submitting;adboard_data;3
forms;adboard_data;2
process;adboard_data;16
formsforms;adboard_data;2
case;adboard_data;7
chart;adboard_data;3
dayanna;adboard_data;6
duoconnect;adboard_data;7
nurse;adboard_data;14
manager;adboard_data;4
information;adboard_data;11
criteria;adboard_data;3
approval;adboard_data;5
managermanager;adboard_data;1
criteriacriteria;adboard_data;2
numbers;adboard_data;3
ocegueda;adboard_data;6
check;adboard_data;3
prior;adboard_data;10
everything;adboard_data;3
jessica;adboard_data;11
karl;adboard_data;10
necessary;adboard_data;4
tube;adboard_data;17
makes;adboard_data;6
enrollment;adboard_data;1
sites;adboard_data;1
numbersnumbers;adboard_data;3
duopaduopa;adboard_data;12
talk;adboard_data;6
brought;adboard_data;2
proper;adboard_data;2
training;adboard_data;5
worked;adboard_data;3
closely;adboard_data;3
pivotal;adboard_data;3
list;adboard_data;2
documented;adboard_data;1
leonard;adboard_data;6
verhagen;adboard_data;6
addend;adboard_data;1
insurance;adboard_data;4
procedure;adboard_data;16
insights;adboard_data;3
workflow;adboard_data;6
neurologist;adboard_data;7
side;adboard_data;7
compared;adboard_data;3
advanced;adboard_data;5
therapies;adboard_data;8
prescription;adboard_data;1
submitted;adboard_data;1
phd;adboard_data;14
start;adboard_data;10
guess;adboard_data;3
trainingtraining;adboard_data;4
informationinformation;adboard_data;8
approvalapproval;adboard_data;2
everythingeverything;adboard_data;2
karlkarl;adboard_data;7
processprocess;adboard_data;10
prescriptionprescription;adboard_data;1
interested;adboard_data;10
learning;adboard_data;2
speak;adboard_data;7
setup;adboard_data;1
advice;adboard_data;1
adjusted;adboard_data;1
number;adboard_data;4
wording;adboard_data;1
therapy;adboard_data;12
pa-c;adboard_data;11
least;adboard_data;7
send;adboard_data;4
involved;adboard_data;10
movement;adboard_data;9
disorder;adboard_data;9
centers;adboard_data;5
practices;adboard_data;6
prescribing;adboard_data;2
provide;adboard_data;9
newer;adboard_data;1
smart;adboard_data;2
dayannadayanna;adboard_data;3
interestedinterested;adboard_data;6
adviceadvice;adboard_data;1
necessarynecessary;adboard_data;1
thinkthink;adboard_data;11
centerscenters;adboard_data;4
sitessites;adboard_data;1
fairly;adboard_data;4
accurate;adboard_data;2
steady;adboard_data;3
improvement;adboard_data;2
hard;adboard_data;3
carolyn;adboard_data;9
taylor;adboard_data;8
avram;adboard_data;8
fraint;adboard_data;6
pipeline;adboard_data;1
must;adboard_data;1
enroll;adboard_data;2
candidates;adboard_data;4
surprised;adboard_data;3
end;adboard_data;4
note;adboard_data;2
includes;adboard_data;3
company;adboard_data;2
proceed;adboard_data;5
right;adboard_data;7
tend;adboard_data;6
book;adboard_data;2
weeks;adboard_data;3
bit;adboard_data;6
nice;adboard_data;10
fall;adboard_data;2
sense;adboard_data;3
center;adboard_data;6
prescribed;adboard_data;1
overcome;adboard_data;1
deficiencies;adboard_data;1
recall;adboard_data;1
early;adboard_data;6
resubmit;adboard_data;2
medical;adboard_data;5
assistant;adboard_data;1
coordinator;adboard_data;2
helped;adboard_data;4
immensely;adboard_data;1
submission;adboard_data;1
place;adboard_data;5
requires;adboard_data;2
dbs;adboard_data;11
approve;adboard_data;1
md;adboard_data;13
week;adboard_data;6
phone;adboard_data;6
able;adboard_data;10
e-mails;adboard_data;1
basis;adboard_data;2
run;adboard_data;2
smoother;adboard_data;1
correct;adboard_data;3
rectified;adboard_data;1
facilitator;adboard_data;3
advocate;adboard_data;1
followup;adboard_data;1
parkinson;adboard_data;4
clinic;adboard_data;11
starting;adboard_data;3
open;adboard_data;4
seems;adboard_data;7
vanderbilt;adboard_data;4
encounter;adboard_data;1
neurologists;adboard_data;6
halt;adboard_data;1
seeing;adboard_data;4
placement;adboard_data;11
consult;adboard_data;4
say;adboard_data;9
actually;adboard_data;6
estimate;adboard_data;3
removed;adboard_data;2
tubes;adboard_data;10
dissatisfaction;adboard_data;1
efficacy;adboard_data;1
average;adboard_data;3
peg-j;adboard_data;7
surprising;adboard_data;1
experiences;adboard_data;2
completeness;adboard_data;1
common;adboard_data;2
academic;adboard_data;1
staffing;adboard_data;1
incomplete;adboard_data;1
community;adboard_data;2
support;adboard_data;14
staff;adboard_data;6
familiarity;adboard_data;2
specialty;adboard_data;1
medications;adboard_data;5
submit;adboard_data;1
explanation;adboard_data;1
affects;adboard_data;1
key;adboard_data;5
proceduralist;adboard_data;11
mds;adboard_data;5
detailed;adboard_data;3
written;adboard_data;1
pd;adboard_data;3
affecting;adboard_data;1
qol;adboard_data;1
proceduralists;adboard_data;2
comfortable;adboard_data;7
moving;adboard_data;2
forward;adboard_data;6
especially;adboard_data;4
script;adboard_data;5
convert;adboard_data;1
emr;adboard_data;2
smartphrase;adboard_data;1
forcing;adboard_data;1
touch;adboard_data;5
upon;adboard_data;2
points;adboard_data;6
true;adboard_data;1
keeps;adboard_data;3
exact;adboard_data;1
delayed;adboard_data;2
rejected;adboard_data;1
phrases;adboard_data;1
even;adboard_data;10
phrase;adboard_data;1
labs;adboard_data;1
candidatescandidates;adboard_data;4
endend;adboard_data;3
notenote;adboard_data;1
companycompany;adboard_data;2
weeksweeks;adboard_data;3
centercenter;adboard_data;3
muchmuch;adboard_data;5
deficienciesdeficiencies;adboard_data;1
coordinatorcoordinator;adboard_data;1
placeplace;adboard_data;2
specificspecific;adboard_data;1
dbsdbs;adboard_data;3
jessicajessica;adboard_data;7
talktalk;adboard_data;2
e-mailse-mails;adboard_data;1
basisbasis;adboard_data;2
followupfollowup;adboard_data;1
openopen;adboard_data;1
highhigh;adboard_data;1
vanderbiltvanderbilt;adboard_data;1
neurologistsneurologists;adboard_data;5
halthalt;adboard_data;1
consultconsult;adboard_data;1
therapytherapy;adboard_data;8
tubestubes;adboard_data;8
reasonsreasons;adboard_data;4
surprisingsurprising;adboard_data;1
experiencesexperiences;adboard_data;1
guessguess;adboard_data;1
communitycommunity;adboard_data;1
practicespractices;adboard_data;3
familiarityfamiliarity;adboard_data;1
medicationsmedications;adboard_data;5
numbernumber;adboard_data;3
keykey;adboard_data;3
mdsmds;adboard_data;3
qolqol;adboard_data;1
comfortablecomfortable;adboard_data;2
smartphrasesmartphrase;adboard_data;1
touchtouch;adboard_data;3
completecomplete;adboard_data;2
pa-cpa-c;adboard_data;3
newernewer;adboard_data;1
phrasephrase;adboard_data;1
platform;adboard_data;5
virtually;adboard_data;2
discuss;adboard_data;7
real-time;adboard_data;2
harder;adboard_data;1
format;adboard_data;2
versus;adboard_data;1
platformplatform;adboard_data;3
formatformat;adboard_data;2
personperson;adboard_data;5
instructions;adboard_data;5
clear;adboard_data;5
kick-off;adboard_data;1
important;adboard_data;9
expectation;adboard_data;1
adds;adboard_data;3
faces;adboard_data;1
group;adboard_data;7
walk;adboard_data;2
functionalities;adboard_data;1
slides;adboard_data;1
presented;adboard_data;3
virtual;adboard_data;1
represented;adboard_data;2
exactly;adboard_data;1
discussed;adboard_data;2
navigate;adboard_data;2
transparency;adboard_data;2
system;adboard_data;3
operates;adboard_data;1
expectations;adboard_data;2
set;adboard_data;3
us;adboard_data;12
giving;adboard_data;3
insight;adboard_data;1
threads;adboard_data;1
1-hour;adboard_data;2
kickoff;adboard_data;1
sufficient;adboard_data;3
providing;adboard_data;5
background;adboard_data;2
expected;adboard_data;2
participants;adboard_data;1
oriented;adboard_data;1
terrible;adboard_data;2
typist;adboard_data;1
instructionsinstructions;adboard_data;4
clearclear;adboard_data;2
functionalitiesfunctionalities;adboard_data;1
slidesslides;adboard_data;1
systemsystem;adboard_data;2
expectationsexpectations;adboard_data;1
wayway;adboard_data;4
threadsthreads;adboard_data;1
sufficientsufficient;adboard_data;1
participantsparticipants;adboard_data;1
nicenice;adboard_data;1
yesyes;adboard_data;4
typisttypist;adboard_data;1
real-timereal-time;adboard_data;1
account;adboard_data;4
executive;adboard_data;4
representative;adboard_data;3
satisfied;adboard_data;1
younger;adboard_data;2
dyskinesias;adboard_data;1
issue;adboard_data;11
updates;adboard_data;1
treatment;adboard_data;9
stories;adboard_data;2
abbvie;adboard_data;12
show;adboard_data;4
ld;adboard_data;1
issueissue;adboard_data;5
updatesupdates;adboard_data;1
storiesstories;adboard_data;2
dyskinesiasdyskinesias;adboard_data;1
mandatorily;adboard_data;1
assigned;adboard_data;1
educator;adboard_data;7
tremendous;adboard_data;3
felt;adboard_data;6
over-confident;adboard_data;1
abilities;adboard_data;2
since;adboard_data;11
ultimately;adboard_data;2
fail;adboard_data;1
seek;adboard_data;2
large;adboard_data;1
issues;adboard_data;10
tried;adboard_data;6
inappropriately;adboard_data;1
manipulate;adboard_data;1
connectors;adboard_data;2
entirely;adboard_data;1
fix;adboard_data;1
opt;adboard_data;3
scenario;adboard_data;1
opposed;adboard_data;1
opt-in;adboard_data;1
semi-annual;adboard_data;2
annual;adboard_data;2
medication;adboard_data;6
along;adboard_data;3
handouts;adboard_data;3
distribute;adboard_data;1
procedures;adboard_data;6
update;adboard_data;2
harold;adboard_data;5
boutte;adboard_data;5
jr;adboard_data;5
happy;adboard_data;5
believe;adboard_data;11
podcasts;adboard_data;1
targeted;adboard_data;1
physicians;adboard_data;5
initiated;adboard_data;3
conversation;adboard_data;5
gel;adboard_data;2
dedicated;adboard_data;2
gj;adboard_data;1
facilitate;adboard_data;2
understanding;adboard_data;4
periodic;adboard_data;1
worthwhile;adboard_data;2
coordinated;adboard_data;2
zoom;adboard_data;2
conferences;adboard_data;2
consideration;adboard_data;2
basically;adboard_data;1
families;adboard_data;3
panel;adboard_data;1
regulatory;adboard_data;2
ambassadors;adboard_data;2
communicate;adboard_data;4
team;adboard_data;14
ambassador;adboard_data;3
relay;adboard_data;1
wrong;adboard_data;1
familiar;adboard_data;4
disjointed;adboard_data;1
imagine;adboard_data;2
lines;adboard_data;1
responsive;adboard_data;4
interesting;adboard_data;4
general;adboard_data;11
automatically;adboard_data;2
directed;adboard_data;2
towards;adboard_data;4
strategy;adboard_data;1
instance;adboard_data;2
fluctuators;adboard_data;2
significant;adboard_data;3
resistant;adboard_data;1
tremor;adboard_data;1
doses;adboard_data;1
infusion;adboard_data;3
showing;adboard_data;2
possibility;adboard_data;1
image;adboard_data;1
suresure;adboard_data;10
patientpatient;adboard_data;15
educatoreducator;adboard_data;3
abilitiesabilities;adboard_data;1
issuesissues;adboard_data;10
connectorsconnectors;adboard_data;2
scenarioscenario;adboard_data;1
supportsupport;adboard_data;9
handoutshandouts;adboard_data;2
sideside;adboard_data;3
mdmd;adboard_data;4
podcastspodcasts;adboard_data;1
conversationconversation;adboard_data;3
treatmenttreatment;adboard_data;3
tubetube;adboard_data;10
familiesfamilies;adboard_data;3
panelpanel;adboard_data;1
ambassadorsambassadors;adboard_data;2
teamteam;adboard_data;10
familiarfamiliar;adboard_data;1
generalgeneral;adboard_data;4
ldld;adboard_data;1
therapiestherapies;adboard_data;5
possibilitypossibility;adboard_data;1
datadata;adboard_data;2
care;adboard_data;11
certain;adboard_data;4
tom;adboard_data;10
davis;adboard_data;10
speaking;adboard_data;2
mentor;adboard_data;2
othersothers;adboard_data;8
two;adboard_data;1
hesitant;adboard_data;3
sometimes;adboard_data;6
suggest;adboard_data;4
caregivers;adboard_data;1
curious;adboard_data;2
reinforce;adboard_data;3
facilitating;adboard_data;1
tomtom;adboard_data;4
insightsinsights;adboard_data;2
caregiverscaregivers;adboard_data;1
fear;adboard_data;4
reach;adboard_data;1
reason;adboard_data;3
getting;adboard_data;13
fears;adboard_data;2
deal;adboard_data;4
going;adboard_data;6
fearsfears;adboard_data;2
procedureprocedure;adboard_data;11
30-40;adboard_data;2
enrolling;adboard_data;3
becoming;adboard_data;2
dislodged;adboard_data;1
related;adboard_data;4
within;adboard_data;7
troubleshoot;adboard_data;3
attention;adboard_data;1
absolutely;adboard_data;2
considering;adboard_data;1
current;adboard_data;2
due;adboard_data;5
agpcnp-bc;adboard_data;7
douglas;adboard_data;3
varian;adboard_data;3
undergone;adboard_data;1
probably;adboard_data;8
educating;adboard_data;4
literature;adboard_data;2
filling;adboard_data;2
communicating;adboard_data;2
colleagues;adboard_data;4
decides;adboard_data;2
result;adboard_data;1
become;adboard_data;5
insightful;adboard_data;2
whether;adboard_data;2
serious;adboard_data;1
guided;adboard_data;1
enthusiasm;adboard_data;1
board;adboard_data;6
mention;adboard_data;2
main;adboard_data;3
problem;adboard_data;4
technology;adboard_data;4
pull;adboard_data;4
plug;adboard_data;1
hearing;adboard_data;2
doubt;adboard_data;1
mindmind;adboard_data;1
davisdavis;adboard_data;5
rnrn;adboard_data;8
someonesomeone;adboard_data;3
colleaguescolleagues;adboard_data;3
decidesdecides;adboard_data;1
resultresult;adboard_data;1
insightfulinsightful;adboard_data;2
seriousserious;adboard_data;1
boardboard;adboard_data;5
problemproblem;adboard_data;3
plugplug;adboard_data;1
doubtdoubt;adboard_data;1
primary;adboard_data;1
concerns;adboard_data;2
managing;adboard_data;5
clogged;adboard_data;1
established;adboard_data;4
nmh;adboard_data;3
appointment;adboard_data;2
24-48;adboard_data;1
hours;adboard_data;3
arrange;adboard_data;2
replacement;adboard_data;3
endoscopically;adboard_data;2
outpatient;adboard_data;2
admission;adboard_data;3
personally;adboard_data;6
attest;adboard_data;1
degree;adboard_data;2
contribute;adboard_data;1
signing;adboard_data;2
protocol;adboard_data;1
detail;adboard_data;3
loved;adboard_data;3
ones;adboard_data;2
confused;adboard_data;1
night;adboard_data;1
pulling;adboard_data;1
caught;adboard_data;1
doors;adboard_data;1
dexterity;adboard_data;1
concerned;adboard_data;4
order;adboard_data;6
alarms;adboard_data;2
mitigating;adboard_data;1
troubleshooting;adboard_data;3
home;adboard_data;4
call;adboard_data;6
afterhours;adboard_data;1
added;adboard_data;1
gives;adboard_data;2
piece;adboard_data;5
remaining;adboard_data;1
taking;adboard_data;2
l-dopa;adboard_data;2
drug;adboard_data;3
decide;adboard_data;2
given;adboard_data;6
thinks;adboard_data;1
nearly;adboard_data;1
enrolled;adboard_data;1
suspect;adboard_data;1
permanent;adboard_data;3
tubing;adboard_data;5
consent;adboard_data;1
close;adboard_data;2
systems;adboard_data;1
big;adboard_data;3
teams;adboard_data;6
aggressive;adboard_data;2
shift;adboard_data;1
spectrum;adboard_data;1
strategies;adboard_data;1
deployed;adboard_data;1
corporate;adboard_data;1
entity;adboard_data;1
patietns;adboard_data;1
40-50;adboard_data;1
social;adboard_data;1
familial;adboard_data;1
secondarily;adboard_data;1
robust;adboard_data;1
share;adboard_data;4
prospective;adboard_data;1
interest;adboard_data;4
goes;adboard_data;2
intended;adboard_data;1
surgeon;adboard_data;4
different;adboard_data;11
justice;adboard_data;1
explaining;adboard_data;2
concernsconcerns;adboard_data;2
nmhnmh;adboard_data;1
clinicclinic;adboard_data;5
hourshours;adboard_data;3
replacementreplacement;adboard_data;2
outpatientoutpatient;adboard_data;1
admissionadmission;adboard_data;2
populationpopulation;adboard_data;2
detaildetail;adboard_data;1
fearfear;adboard_data;2
duedue;adboard_data;1
onesones;adboard_data;2
nightnight;adboard_data;1
doorsdoors;adboard_data;1
troubleshoottroubleshoot;adboard_data;1
workwork;adboard_data;4
decidedecide;adboard_data;1
thinksthinks;adboard_data;1
suspectsuspect;adboard_data;1
permanentpermanent;adboard_data;2
consentconsent;adboard_data;1
lacklack;adboard_data;1
systemssystems;adboard_data;1
proceduresprocedures;adboard_data;4
towardstowards;adboard_data;1
strategiesstrategies;adboard_data;1
npsnps;adboard_data;3
justicejustice;adboard_data;1
phdphd;adboard_data;5
taste;adboard_data;4
education;adboard_data;5
importance;adboard_data;4
trial;adboard_data;6
higher;adboard_data;2
likelihood;adboard_data;3
adherence;adboard_data;1
costs;adboard_data;1
availability;adboard_data;4
stores;adboard_data;1
shop;adboard_data;2
economic;adboard_data;1
status;adboard_data;1
biggest;adboard_data;1
obstacle;adboard_data;1
alleviate;adboard_data;1
burden;adboard_data;2
eyes;adboard_data;1
beholder;adboard_data;1
continued;adboard_data;3
tracker;adboard_data;1
dietician;adboard_data;1
touch-point;adboard_data;1
flavor;adboard_data;2
doable;adboard_data;1
prescriptions;adboard_data;1
filled;adboard_data;1
pharmacy;adboard_data;1
fewer;adboard_data;1
taken;adboard_data;4
instruction;adboard_data;1
liked;adboard_data;4
afford;adboard_data;1
importanceimportance;adboard_data;2
trialtrial;adboard_data;2
adherenceadherence;adboard_data;1
costscosts;adboard_data;1
answeranswer;adboard_data;3
storesstores;adboard_data;1
statusstatus;adboard_data;1
obstacleobstacle;adboard_data;1
burdenburden;adboard_data;1
successsuccess;adboard_data;2
contactcontact;adboard_data;3
doabledoable;adboard_data;1
prescriptionsprescriptions;adboard_data;1
pharmacypharmacy;adboard_data;1
motivationmotivation;adboard_data;2
educationeducation;adboard_data;2
hardhard;adboard_data;1
tastetaste;adboard_data;3
months;adboard_data;3
monthsmonths;adboard_data;3
clarify;adboard_data;1
across;adboard_data;2
missing;adboard_data;1
daysdays;adboard_data;5
2-3;adboard_data;1
regularly;adboard_data;2
prescribe;adboard_data;2
longer;adboard_data;2
brad;adboard_data;3
durbin;adboard_data;2
kendall;adboard_data;1
eric;adboard_data;1
lynch;adboard_data;1
analyze;adboard_data;1
bias;adboard_data;2
regularity;adboard_data;1
frequent;adboard_data;4
30-45;adboard_data;2
region;adboard_data;1
frame;adboard_data;3
timetime;adboard_data;10
casecase;adboard_data;1
lynchlynch;adboard_data;1
frequentfrequent;adboard_data;1
roughly;adboard_data;1
30-60;adboard_data;2
willingness;adboard_data;1
scheduling;adboard_data;6
oour;adboard_data;1
hospitalized;adboard_data;1
overnight;adboard_data;1
monitoring;adboard_data;1
coordination;adboard_data;1
challenging;adboard_data;2
covid;adboard_data;4
exposure;adboard_data;1
hospital;adboard_data;3
bed;adboard_data;1
elective;adboard_data;2
quicker;adboard_data;1
varies;adboard_data;1
similarly;adboard_data;2
northwestern;adboard_data;5
1-3;adboard_data;1
3-6;adboard_data;1
cleared;adboard_data;2
ship;adboard_data;2
4-6;adboard_data;1
gi;adboard_data;15
clearance;adboard_data;2
preauthorization;adboard_data;2
writing;adboard_data;2
assuming;adboard_data;2
challenges;adboard_data;5
readiness;adboard_data;2
several;adboard_data;5
sandeep;adboard_data;6
thakkar;adboard_data;6
implies;adboard_data;1
country;adboard_data;1
stayed;adboard_data;1
increased;adboard_data;1
decreased;adboard_data;1
dat;adboard_data;1
oether;adboard_data;1
non-experienced;adboard_data;1
willingnesswillingness;adboard_data;1
monitoringmonitoring;adboard_data;1
coordinationcoordination;adboard_data;1
covidcovid;adboard_data;4
exposureexposure;adboard_data;1
variesvaries;adboard_data;1
shipship;adboard_data;1
clarifyclarify;adboard_data;1
readinessreadiness;adboard_data;1
impliesimplies;adboard_data;1
countrycountry;adboard_data;1
frameframe;adboard_data;2
bitbit;adboard_data;1
typically;adboard_data;6
defer;adboard_data;2
lower;adboard_data;1
placed;adboard_data;4
first;adboard_data;7
10-20;adboard_data;1
hello;adboard_data;1
topic;adboard_data;1
percentage;adboard_data;1
guessed;adboard_data;1
anxious;adboard_data;1
consistently;adboard_data;1
prevails;adboard_data;1
practically;adboard_data;1
gen;adboard_data;1
surg;adboard_data;1
eventually;adboard_data;1
recent;adboard_data;1
previously;adboard_data;3
gastric;adboard_data;1
bypass;adboard_data;1
required;adboard_data;4
modified;adboard_data;1
laparoscopic;adboard_data;1
represent;adboard_data;1
significantly;adboard_data;4
invasive;adboard_data;1
nasojejunal;adboard_data;1
decided;adboard_data;2
gotten;adboard_data;1
10-15;adboard_data;1
asked;adboard_data;6
move;adboard_data;5
confident;adboard_data;1
instilling;adboard_data;1
confidence;adboard_data;3
cases;adboard_data;4
wish;adboard_data;2
auth;adboard_data;1
affect;adboard_data;2
reasonable;adboard_data;3
usual;adboard_data;3
bring;adboard_data;2
neuro;adboard_data;6
reassured;adboard_data;1
interventional;adboard_data;11
delay;adboard_data;2
practice;adboard_data;11
discovers;adboard_data;1
trepidation;adboard_data;1
patien;adboard_data;1
technologytechnology;adboard_data;3
percentagepercentage;adboard_data;1
estimateestimate;adboard_data;1
anxiousanxious;adboard_data;1
bypassbypass;adboard_data;1
medicationmedication;adboard_data;4
placementplacement;adboard_data;7
peg-jpeg-j;adboard_data;3
10-1510-15;adboard_data;1
keepskeeps;adboard_data;2
jobjob;adboard_data;4
ableable;adboard_data;4
enrollenroll;adboard_data;1
bradbrad;adboard_data;2
thakkarthakkar;adboard_data;4
gigi;adboard_data;4
comecome;adboard_data;1
practicepractice;adboard_data;9
second;adboard_data;3
range;adboard_data;1
wait;adboard_data;2
sped;adboard_data;1
evaluated;adboard_data;2
surgery;adboard_data;8
med;adboard_data;2
ever;adboard_data;4
complained;adboard_data;1
consultation;adboard_data;5
proceeding;adboard_data;1
leo;adboard_data;1
1-2;adboard_data;1
write;adboard_data;1
past;adboard_data;3
hi;adboard_data;2
amp;adboard_data;2
particular;adboard_data;4
depending;adboard_data;1
scheduled;adboard_data;3
ready;adboard_data;4
year;adboard_data;4
rangerange;adboard_data;1
surgerysurgery;adboard_data;3
surgeonsurgeon;adboard_data;2
insuranceinsurance;adboard_data;1
clearanceclearance;adboard_data;1
readyready;adboard_data;2
yearyear;adboard_data;1
takes;adboard_data;3
vary;adboard_data;1
considerably;adboard_data;1
initially;adboard_data;3
times;adboard_data;5
prolong;adboard_data;1
doctors;adboard_data;1
verification;adboard_data;1
difficulty;adboard_data;1
facilities;adboard_data;1
approving;adboard_data;1
radiology;adboard_data;5
setting;adboard_data;3
anesthesia;adboard_data;3
ir;adboard_data;9
lab;adboard_data;2
clinically;adboard_data;1
truncate;adboard_data;1
appears;adboard_data;1
consistent;adboard_data;3
4-8;adboard_data;1
middle;adboard_data;1
sounds;adboard_data;3
soon;adboard_data;2
aware;adboard_data;7
eligibility;adboard_data;1
decision;adboard_data;3
quickly;adboard_data;4
possible;adboard_data;4
2-4;adboard_data;1
operative;adboard_data;1
leads;adboard_data;2
delays;adboard_data;3
indefinite;adboard_data;1
amazing;adboard_data;3
caitlin;adboard_data;5
houghton;adboard_data;5
office;adboard_data;8
date;adboard_data;3
timeline;adboard_data;2
allowed;adboard_data;4
month;adboard_data;2
authorizing;adboard_data;1
timetable;adboard_data;1
hold;adboard_data;2
period;adboard_data;2
later;adboard_data;4
means;adboard_data;2
assume;adboard_data;3
sent;adboard_data;2
forget;adboard_data;1
30-6030-60;adboard_data;1
varyvary;adboard_data;1
writewrite;adboard_data;1
reasonreason;adboard_data;2
doctorsdoctors;adboard_data;1
facilitiesfacilities;adboard_data;1
consultationconsultation;adboard_data;3
irir;adboard_data;5
potentialpotential;adboard_data;1
goodgood;adboard_data;6
rightright;adboard_data;3
decisiondecision;adboard_data;2
possiblepossible;adboard_data;2
availabilityavailability;adboard_data;1
delaysdelays;adboard_data;2
monthmonth;adboard_data;2
timetabletimetable;adboard_data;1
periodperiod;adboard_data;1
scriptscript;adboard_data;3
changed;adboard_data;2
pandemic;adboard_data;3
pandemicpandemic;adboard_data;1
covid-19;adboard_data;1
view;adboard_data;4
testing;adboard_data;2
observation;adboard_data;2
assure;adboard_data;1
test;adboard_data;3
observationobservation;adboard_data;1
largest;adboard_data;1
ability;adboard_data;3
admit;adboard_data;1
post-procedure;adboard_data;1
keep;adboard_data;6
work-flow;adboard_data;1
relatively;adboard_data;3
obstruction;adboard_data;1
play;adboard_data;3
part;adboard_data;9
ahead;adboard_data;1
rather;adboard_data;4
generally;adboard_data;4
risk;adboard_data;3
risky;adboard_data;1
grocery;adboard_data;1
warn;adboard_data;1
typical;adboard_data;1
prolonged;adboard_data;1
precautions;adboard_data;1
every;adboard_data;5
tested;adboard_data;1
voiced;adboard_data;1
concern;adboard_data;1
preference;adboard_data;1
calmed;adboard_data;1
mandate;adboard_data;1
bad;adboard_data;1
phase;adboard_data;1
virus;adboard_data;1
potentially;adboard_data;1
lead;adboard_data;2
hosptial;adboard_data;1
far;adboard_data;5
immediate;adboard_data;3
counsel;adboard_data;1
policies;adboard_data;1
pcr;adboard_data;1
resulted;adboard_data;2
lt;adboard_data;2
hop;adboard_data;1
plane;adboard_data;1
hawaii;adboard_data;1
northwest;adboard_data;1
west;adboard_data;1
coast;adboard_data;1
undergo;adboard_data;1
preoperative;adboard_data;1
quarantine;adboard_data;1
intervening;adboard_data;1
morning;adboard_data;2
operation;adboard_data;1
symptoms;adboard_data;3
fortunately;adboard_data;2
rate;adboard_data;1
nosocomial;adboard_data;1
spread;adboard_data;2
nil;adboard_data;1
chances;adboard_data;1
delaying;adboard_data;1
counseled;adboard_data;1
cancelled;adboard_data;1
nm;adboard_data;4
cause;adboard_data;1
guidelines;adboard_data;1
changing;adboard_data;2
sooner;adboard_data;3
condition;adboard_data;1
guiding;adboard_data;1
vaccinations;adboard_data;1
readily;adboard_data;2
available;adboard_data;9
nervous;adboard_data;1
course;adboard_data;4
tell;adboard_data;2
rush;adboard_data;7
kinds;adboard_data;1
safety;adboard_data;1
measures;adboard_data;1
work-flowwork-flow;adboard_data;1
steadysteady;adboard_data;1
partpart;adboard_data;4
likelylikely;adboard_data;1
riskrisk;adboard_data;1
riskyrisky;adboard_data;1
storestore;adboard_data;1
timelinetimeline;adboard_data;1
precautionsprecautions;adboard_data;1
hospitalizationhospitalization;adboard_data;1
counselcounsel;adboard_data;1
policiespolicies;adboard_data;1
testtest;adboard_data;2
planeplane;adboard_data;1
hawaiihawaii;adboard_data;1
coastcoast;adboard_data;1
spreadspread;adboard_data;1
chanceschances;adboard_data;1
hospitalhospital;adboard_data;1
sometimessometimes;adboard_data;1
causecause;adboard_data;1
futurefuture;adboard_data;1
guidelinesguidelines;adboard_data;1
soonersooner;adboard_data;1
conditioncondition;adboard_data;1
vaccinationsvaccinations;adboard_data;1
measuresmeasures;adboard_data;1
perspectiveperspective;adboard_data;4
disease;adboard_data;3
placing;adboard_data;5
sanjiv;adboard_data;2
parikh;adboard_data;2
richard;adboard_data;3
pierce;adboard_data;3
dr;adboard_data;4
conversations;adboard_data;2
member;adboard_data;1
membermember;adboard_data;1
approached;adboard_data;1
certainly;adboard_data;3
physician;adboard_data;3
role;adboard_data;5
next;adboard_data;4
presentation;adboard_data;1
members;adboard_data;6
fraintfraint;adboard_data;2
piercepierce;adboard_data;1
houghtonhoughton;adboard_data;2
rolerole;adboard_data;3
surgeons;adboard_data;3
awareness;adboard_data;1
beginning;adboard_data;5
geared;adboard_data;2
trained;adboard_data;1
surgeonssurgeons;adboard_data;3
proceduralistsproceduralists;adboard_data;1
conversationsconversations;adboard_data;2
membersmembers;adboard_data;5
specifically;adboard_data;3
informed;adboard_data;1
expertise;adboard_data;1
took;adboard_data;3
drm;adboard_data;2
therapeutics;adboard_data;2
candidate;adboard_data;4
administered;adboard_data;1
route;adboard_data;1
safely;adboard_data;1
tends;adboard_data;1
helps;adboard_data;5
full;adboard_data;3
effects;adboard_data;1
electively;adboard_data;1
eager;adboard_data;1
parts;adboard_data;1
honestly;adboard_data;1
somewhat;adboard_data;1
dinner;adboard_data;3
baseline;adboard_data;1
knowledge;adboard_data;3
discussion;adboard_data;6
attend;adboard_data;1
finish;adboard_data;1
hired;adboard_data;1
moreover;adboard_data;1
freka;adboard_data;1
coaxial;adboard_data;1
diseasedisease;adboard_data;3
seesee;adboard_data;2
rushrush;adboard_data;1
parkinsonparkinson;adboard_data;1
symptomssymptoms;adboard_data;2
effectseffects;adboard_data;1
eagereager;adboard_data;1
additionaddition;adboard_data;3
soundssounds;adboard_data;2
pointspoints;adboard_data;1
startstart;adboard_data;2
teamsteams;adboard_data;4
internal;adboard_data;2
medicine;adboard_data;2
fielding;adboard_data;1
effect;adboard_data;2
motility;adboard_data;1
describing;adboard_data;1
absorption;adboard_data;1
jejunum;adboard_data;1
kinetic;adboard_data;1
programming;adboard_data;1
boluses;adboard_data;1
trouble;adboard_data;3
shooting;adboard_data;1
invariably;adboard_data;1
deferred;adboard_data;1
regardless;adboard_data;1
recovery;adboard_data;1
day-to-day;adboard_data;1
field;adboard_data;1
sphere;adboard_data;1
extend;adboard_data;1
answering;adboard_data;3
adam;adboard_data;1
stein;adboard_data;1
treat;adboard_data;1
proficient;adboard_data;1
fellowship;adboard_data;1
focused;adboard_data;4
position;adboard_data;1
responsible;adboard_data;1
arrived;adboard_data;2
covers;adboard_data;1
essentially;adboard_data;1
hesitancy;adboard_data;1
unfamiliarity;adboard_data;1
nursing;adboard_data;3
nurses;adboard_data;3
replace;adboard_data;2
outer;adboard_data;1
occur;adboard_data;4
leaks;adboard_data;1
old;adboard_data;2
disconnection;adboard_data;1
j-tube;adboard_data;4
connector;adboard_data;1
allows;adboard_data;2
valuable;adboard_data;1
invited;adboard_data;1
university;adboard_data;4
natural;adboard_data;2
roles;adboard_data;4
neurology;adboard_data;8
stable;adboard_data;1
excellent;adboard_data;6
surgical;adboard_data;6
intervention;adboard_data;2
agreed;adboard_data;2
recognized;adboard_data;2
participated;adboard_data;3
combined;adboard_data;1
technical;adboard_data;3
leading;adboard_data;1
jejunostomy;adboard_data;1
pulled;adboard_data;2
coiled;adboard_data;1
stomach;adboard_data;2
angle;adboard_data;1
entry;adboard_data;1
percutaneous;adboard_data;2
tract;adboard_data;1
coming;adboard_data;1
repositioning;adboard_data;2
problems;adboard_data;6
remarkable;adboard_data;1
results;adboard_data;1
per;adboard_data;2
technically;adboard_data;1
colleague;adboard_data;1
thin;adboard_data;1
clinical;adboard_data;7
volume;adboard_data;1
passed;adboard_data;1
thankful;adboard_data;2
niche;adboard_data;1
buy-in;adboard_data;2
quality;adboard_data;1
life;adboard_data;1
involvement;adboard_data;2
began;adboard_data;1
fda;adboard_data;1
specialist;adboard_data;5
requirement;adboard_data;1
completely;adboard_data;3
worth;adboard_data;1
ms;adboard_data;3
continuous;adboard_data;1
dopaminergic;adboard_data;1
stimulation;adboard_data;1
touted;adboard_data;1
decades;adboard_data;1
came;adboard_data;1
waiting;adboard_data;1
study;adboard_data;3
moved;adboard_data;1
commercial;adboard_data;2
little;adboard_data;3
bet;adboard_data;1
places;adboard_data;1
fun;adboard_data;1
medicinemedicine;adboard_data;1
motilitymotility;adboard_data;1
jejunumjejunum;adboard_data;1
pumppump;adboard_data;3
timestimes;adboard_data;2
alarmsalarms;adboard_data;1
troubletrouble;adboard_data;1
carolyncarolyn;adboard_data;2
carecare;adboard_data;3
fieldfield;adboard_data;1
expertiseexpertise;adboard_data;1
extendextend;adboard_data;1
adamadam;adboard_data;1
pdpd;adboard_data;1
infusioninfusion;adboard_data;1
northwesternnorthwestern;adboard_data;2
coverscovers;adboard_data;1
orderorder;adboard_data;3
nursesnurses;adboard_data;2
partsparts;adboard_data;1
leaksleaks;adboard_data;1
connectorconnector;adboard_data;1
naturalnatural;adboard_data;1
abbvieabbvie;adboard_data;3
excellentexcellent;adboard_data;1
physicianphysician;adboard_data;1
challengeschallenges;adboard_data;3
problemsproblems;adboard_data;5
assistassist;adboard_data;1
minemine;adboard_data;2
thinthin;adboard_data;1
volumevolume;adboard_data;1
involvementinvolvement;adboard_data;1
specialistspecialist;adboard_data;2
informedinformed;adboard_data;1
stimulationstimulation;adboard_data;1
decadesdecades;adboard_data;1
studystudy;adboard_data;2
started;adboard_data;6
fill;adboard_data;3
backfill;adboard_data;1
speed;adboard_data;2
smooth;adboard_data;5
fillfill;adboard_data;2
fortunate;adboard_data;2
helping;adboard_data;2
got;adboard_data;3
mobilizer;adboard_data;3
nursenurse;adboard_data;2
adopt;adboard_data;2
educators;adboard_data;3
train;adboard_data;1
base;adboard_data;1
aspect;adboard_data;3
real;adboard_data;2
minimal;adboard_data;2
outside;adboard_data;3
experts;adboard_data;1
adjusting;adboard_data;1
learn;adboard_data;1
cheat;adboard_data;1
sheets;adboard_data;1
identified;adboard_data;5
area;adboard_data;2
establish;adboard_data;1
flow;adboard_data;2
insertion;adboard_data;1
drove;adboard_data;1
entire;adboard_data;2
perfect;adboard_data;2
running;adboard_data;2
worthy;adboard_data;1
refractory;adboard_data;1
followed;adboard_data;3
logistics;adboard_data;2
inserviced;adboard_data;1
connected;adboard_data;1
inc;adboard_data;1
champion;adboard_data;1
join;adboard_data;2
day-long;adboard_data;1
session;adboard_data;1
hotel;adboard_data;1
practitioners;adboard_data;6
transition;adboard_data;2
glue;adboard_data;1
holds;adboard_data;1
lucky;adboard_data;1
identify;adboard_data;2
radiologist;adboard_data;5
invested;adboard_data;2
j-tubes;adboard_data;1
fluoroscopy;adboard_data;2
g-tube;adboard_data;1
intact;adboard_data;1
communications;adboard_data;2
whole;adboard_data;1
flowing;adboard_data;1
nicely;adboard_data;1
overseeing;adboard_data;1
develop;adboard_data;1
model;adboard_data;2
utilized;adboard_data;2
reps;adboard_data;2
foster;adboard_data;1
relationships;adboard_data;1
private;adboard_data;1
radiologists;adboard_data;1
willing;adboard_data;4
pi;adboard_data;1
transitioned;adboard_data;1
crucial;adboard_data;4
step;adboard_data;3
collaborating;adboard_data;1
found;adboard_data;2
performing;adboard_data;2
placements;adboard_data;2
requests;adboard_data;2
picture;adboard_data;1
leakage;adboard_data;1
discoloration;adboard_data;1
etcetera;adboard_data;1
difficult;adboard_data;2
tony;adboard_data;3
autopilot;adboard_data;1
finally;adboard_data;2
communicates;adboard_data;1
cloning;adboard_data;1
extraordinaire;adboard_data;1
left;adboard_data;2
lean;adboard_data;1
neurologyneurology;adboard_data;4
educatorseducators;adboard_data;3
basebase;adboard_data;1
aspectaspect;adboard_data;1
fortunatefortunate;adboard_data;1
disordersdisorders;adboard_data;2
expertsexperts;adboard_data;1
sheetssheets;adboard_data;1
logisticslogistics;adboard_data;1
incinc;adboard_data;1
joinjoin;adboard_data;2
hotelhotel;adboard_data;1
practitionerspractitioners;adboard_data;3
transitiontransition;adboard_data;2
glueglue;adboard_data;1
luckylucky;adboard_data;1
fluoroscopyfluoroscopy;adboard_data;1
communicationscommunications;adboard_data;2
needneed;adboard_data;5
repsreps;adboard_data;1
stepstep;adboard_data;2
collaboratingcollaborating;adboard_data;1
placementsplacements;adboard_data;2
formform;adboard_data;2
autopilotautopilot;adboard_data;1
communicatescommunicates;adboard_data;1
extraordinaireextraordinaire;adboard_data;1
duoconnectduoconnect;adboard_data;2
epic;adboard_data;2
referred;adboard_data;2
titration;adboard_data;5
record;adboard_data;1
involve;adboard_data;1
interact;adboard_data;1
groupgroup;adboard_data;2
interacting;adboard_data;1
occurring;adboard_data;1
incredibly;adboard_data;2
evaluate;adboard_data;2
name;adboard_data;2
phases;adboard_data;1
initiation;adboard_data;2
deemed;adboard_data;1
behind;adboard_data;2
scenes;adboard_data;1
depth;adboard_data;2
improvements;adboard_data;2
verbally;adboard_data;1
intermittently;adboard_data;1
regular;adboard_data;2
peg;adboard_data;1
notified;adboard_data;1
interaction;adboard_data;1
goal;adboard_data;2
expeditious;adboard_data;1
fashion;adboard_data;1
likes;adboard_data;1
unless;adboard_data;2
holding;adboard_data;1
meetings;adboard_data;4
largely;adboard_data;1
amongst;adboard_data;1
extenuating;adboard_data;1
circumstance;adboard_data;1
interacts;adboard_data;1
touchpoints;adboard_data;1
approved;adboard_data;4
meet;adboard_data;4
twice;adboard_data;1
selection;adboard_data;2
methods;adboard_data;1
critical;adboard_data;4
shows;adboard_data;1
solid;adboard_data;2
hand;adboard_data;4
brochures;adboard_data;1
connect;adboard_data;2
discussing;adboard_data;3
kept;adboard_data;2
collect;adboard_data;1
signature;adboard_data;1
sees;adboard_data;1
calls;adboard_data;2
mycharts;adboard_data;1
mde;adboard_data;1
moves;adboard_data;1
kind;adboard_data;2
stop;adboard_data;1
stoma;adboard_data;3
taylortaylor;adboard_data;2
agpcnp-bcagpcnp-bc;adboard_data;1
epicepic;adboard_data;1
phasesphases;adboard_data;1
scenesscenes;adboard_data;1
dinnerdinner;adboard_data;1
improvementsimprovements;adboard_data;1
interactinteract;adboard_data;1
occuroccur;adboard_data;1
verhagenverhagen;adboard_data;1
simplesimple;adboard_data;3
fashionfashion;adboard_data;1
facilitatorfacilitator;adboard_data;1
meetingsmeetings;adboard_data;4
communicatecommunicate;adboard_data;1
everyevery;adboard_data;1
circumstancecircumstance;adboard_data;1
interactsinteracts;adboard_data;1
touchpointstouchpoints;adboard_data;1
titrationtitration;adboard_data;3
meetmeet;adboard_data;1
methodsmethods;adboard_data;1
brochuresbrochures;adboard_data;1
askask;adboard_data;1
movemove;adboard_data;3
signaturesignature;adboard_data;1
oceguedaocegueda;adboard_data;3
callscalls;adboard_data;2
movesmoves;adboard_data;1
stomastoma;adboard_data;1
differently;adboard_data;2
became;adboard_data;1
cam;adboard_data;1
tutorial;adboard_data;2
re-fresher;adboard_data;1
formal;adboard_data;1
went;adboard_data;2
owe;adboard_data;1
extremely;adboard_data;4
organized;adboard_data;2
coordinating;adboard_data;2
blessed;adboard_data;1
oiled;adboard_data;1
machine;adboard_data;1
pam;adboard_data;2
salas;adboard_data;2
said;adboard_data;2
word;adboard_data;1
fabulous;adboard_data;1
malfunction;adboard_data;1
flushing;adboard_data;1
pressure;adboard_data;1
signal;adboard_data;1
turn;adboard_data;2
let;adboard_data;2
maintainenance;adboard_data;1
displaced;adboard_data;1
operating;adboard_data;1
room;adboard_data;2
reposition;adboard_data;2
anesthetic;adboard_data;1
repositioned;adboard_data;1
suite;adboard_data;2
transitions;adboard_data;1
docs;adboard_data;1
successful;adboard_data;2
relationship;adboard_data;2
pick;adboard_data;2
timely;adboard_data;1
manner;adboard_data;1
monthly;adboard_data;2
coursecourse;adboard_data;3
universityuniversity;adboard_data;2
movementmovement;adboard_data;1
differentdifferent;adboard_data;2
phonephone;adboard_data;1
salassalas;adboard_data;1
turnturn;adboard_data;1
radiologyradiology;adboard_data;2
displaceddisplaced;adboard_data;1
littlelittle;adboard_data;1
standpointstandpoint;adboard_data;3
j-tubej-tube;adboard_data;2
casescases;adboard_data;3
conferencesconferences;adboard_data;1
resource;adboard_data;6
beneficial;adboard_data;3
existed;adboard_data;2
post-tube;adboard_data;1
works;adboard_data;5
complications;adboard_data;2
manages;adboard_data;1
determine;adboard_data;1
brochure;adboard_data;1
piecepiece;adboard_data;3
resourceresource;adboard_data;4
avoid;adboard_data;1
confusion;adboard_data;1
protocols;adboard_data;1
meant;adboard_data;1
guide;adboard_data;3
standard;adboard_data;5
language;adboard_data;4
provided;adboard_data;3
sheet;adboard_data;1
risks;adboard_data;1
actual;adboard_data;1
functions;adboard_data;1
steps;adboard_data;1
handled;adboard_data;1
carrying;adboard_data;1
instrumental;adboard_data;1
terrific;adboard_data;1
access;adboard_data;4
finds;adboard_data;1
doc;adboard_data;1
comes;adboard_data;3
convincing;adboard_data;2
seem;adboard_data;5
convince;adboard_data;2
telling;adboard_data;1
expect;adboard_data;2
usefuluseful;adboard_data;1
sensesense;adboard_data;1
protocolsprotocols;adboard_data;1
languagelanguage;adboard_data;3
risksrisks;adboard_data;1
stepssteps;adboard_data;1
proceduralistproceduralist;adboard_data;3
managesmanages;adboard_data;1
jrjr;adboard_data;1
lotlot;adboard_data;1
discussiondiscussion;adboard_data;1
terrificterrific;adboard_data;1
docdoc;adboard_data;1
reinforcereinforce;adboard_data;1
brochurebrochure;adboard_data;1
placemat;adboard_data;1
complicated;adboard_data;2
responsibilities;adboard_data;1
evolving;adboard_data;1
management;adboard_data;3
topics;adboard_data;1
opportunity;adboard_data;2
responsibilitiesresponsibilities;adboard_data;1
topicstopics;adboard_data;1
continue;adboard_data;2
doctor;adboard_data;1
refine;adboard_data;1
ago;adboard_data;1
unfortunately;adboard_data;1
placematplacemat;adboard_data;1
doctordoctor;adboard_data;1
simplersimpler;adboard_data;1
opportunityopportunity;adboard_data;2
copies;adboard_data;1
discharge;adboard_data;1
received;adboard_data;2
overly;adboard_data;1
host;adboard_data;1
incorporate;adboard_data;3
partnerships;adboard_data;1
happened;adboard_data;1
organically;adboard_data;1
arises;adboard_data;1
segment;adboard_data;1
notice;adboard_data;1
everywhere;adboard_data;1
described;adboard_data;2
endoscopic;adboard_data;2
gastro-j;adboard_data;1
though;adboard_data;3
programs;adboard_data;4
players;adboard_data;2
disciplines;adboard_data;2
importantly;adboard_data;2
appreciation;adboard_data;1
renew;adboard_data;1
engagement;adboard_data;1
parties;adboard_data;2
hosthost;adboard_data;1
physiciansphysicians;adboard_data;2
staffstaff;adboard_data;3
workflowworkflow;adboard_data;1
rolesroles;adboard_data;3
availableavailable;adboard_data;4
programsprograms;adboard_data;4
disciplinesdisciplines;adboard_data;2
appreciationappreciation;adboard_data;1
logging;adboard_data;2
fingersticks;adboard_data;1
pen;adboard_data;1
act;adboard_data;1
jackpot;adboard_data;1
represents;adboard_data;2
contains;adboard_data;1
receipt;adboard_data;1
patient-dependent;adboard_data;1
follow-through;adboard_data;1
term;adboard_data;2
needlesneedles;adboard_data;1
actact;adboard_data;1
jackpotjackpot;adboard_data;1
successfulsuccessful;adboard_data;1
willingwilling;adboard_data;1
inject;adboard_data;1
botulinum;adboard_data;1
toxin;adboard_data;1
apomorphine;adboard_data;1
offered;adboard_data;1
urgencies;adboard_data;1
scheduler;adboard_data;1
imaging;adboard_data;1
performed;adboard_data;1
abdominal;adboard_data;2
original;adboard_data;1
urgenciesurgencies;adboard_data;1
providerprovider;adboard_data;2
argue;adboard_data;1
plays;adboard_data;1
reflected;adboard_data;1
exclusively;adboard_data;1
aside;adboard_data;2
listed;adboard_data;2
contacts;adboard_data;1
sends;adboard_data;1
substantiate;adboard_data;1
preprocedure;adboard_data;1
evaluation;adboard_data;2
exam;adboard_data;1
pertinent;adboard_data;1
safe;adboard_data;1
window;adboard_data;1
accomodate;adboard_data;1
tuesday;adboard_data;1
friday;adboard_data;2
echo;adboard_data;1
particularly;adboard_data;2
complex;adboard_data;1
terms;adboard_data;2
straightforward;adboard_data;1
postoperatively;adboard_data;1
malfunctions;adboard_data;1
hardware;adboard_data;1
reinsert;adboard_data;1
amount;adboard_data;1
kub;adboard_data;1
refer;adboard_data;3
although;adboard_data;4
referring;adboard_data;1
specialists;adboard_data;1
proceeds;adboard_data;1
runs;adboard_data;2
shame;adboard_data;1
services;adboard_data;1
standardization;adboard_data;1
reluctant;adboard_data;2
managed;adboard_data;1
gn;adboard_data;1
knew;adboard_data;1
simply;adboard_data;2
completed;adboard_data;2
standing;adboard_data;1
in-clinic;adboard_data;1
stabilized;adboard_data;1
alternate;adboard_data;1
visits;adboard_data;3
listlist;adboard_data;1
arrangearrange;adboard_data;1
contactscontacts;adboard_data;1
schedulerscheduler;adboard_data;1
substantiatesubstantiate;adboard_data;1
examexam;adboard_data;1
pertinentpertinent;adboard_data;1
suitesuite;adboard_data;1
requestsrequests;adboard_data;1
termsterms;adboard_data;2
malfunctionsmalfunctions;adboard_data;1
kubkub;adboard_data;1
radiologistradiologist;adboard_data;1
proceedproceed;adboard_data;1
specialistsspecialists;adboard_data;1
gngn;adboard_data;1
relationshiprelationship;adboard_data;1
modelmodel;adboard_data;1
stabilizedstabilized;adboard_data;1
optionoption;adboard_data;3
visitsvisits;adboard_data;3
thankfully;adboard_data;1
heard;adboard_data;1
formed;adboard_data;1
joined;adboard_data;1
function;adboard_data;1
groups;adboard_data;2
groupsgroups;adboard_data;1
arise;adboard_data;2
lots;adboard_data;1
smoothly;adboard_data;1
uncommon;adboard_data;1
contributes;adboard_data;1
keeping;adboard_data;1
lotslots;adboard_data;1
functionfunction;adboard_data;1
tirelessly;adboard_data;1
follow-up;adboard_data;2
arranged;adboard_data;1
seamlessly;adboard_data;1
manor;adboard_data;1
match;adboard_data;2
level;adboard_data;1
bandwidth;adboard_data;1
accommodate;adboard_data;1
present;adboard_data;2
exchanges;adboard_data;1
optimal;adboard_data;1
functioning;adboard_data;1
backing;adboard_data;1
instills;adboard_data;1
inclined;adboard_data;1
ezra;adboard_data;1
teitelbaum;adboard_data;1
heather;adboard_data;1
molina;adboard_data;1
procedural;adboard_data;2
depot;adboard_data;1
rewarding;adboard_data;1
shoot;adboard_data;1
egd;adboard_data;1
block;adboard_data;1
dealing;adboard_data;1
implantation;adboard_data;1
replaced;adboard_data;1
knowing;adboard_data;1
department;adboard_data;1
commuication;adboard_data;1
llistening;adboard_data;1
ear;adboard_data;1
execution;adboard_data;1
game;adboard_data;1
service;adboard_data;2
hand-in-hand;adboard_data;1
fact;adboard_data;2
duties;adboard_data;1
compartmentalized;adboard_data;1
fixing;adboard_data;1
replacing;adboard_data;1
directing;adboard_data;1
adjustments;adboard_data;1
counseling;adboard_data;1
comparable;adboard_data;1
similarities;adboard_data;1
major;adboard_data;2
difference;adboard_data;2
hurdles;adboard_data;1
neuropsych;adboard_data;1
sinemet;adboard_data;1
considered;adboard_data;1
meets;adboard_data;1
otherwise;adboard_data;1
defined;adboard_data;1
candidacy;adboard_data;1
qualified;adboard_data;1
unnecessarily;adboard_data;1
communicator;adboard_data;1
dial;adboard_data;1
remains;adboard_data;1
collaborator;adboard_data;1
pictures;adboard_data;1
whatever;adboard_data;2
follow-upfollow-up;adboard_data;1
evaluationevaluation;adboard_data;1
avramavram;adboard_data;1
exchangesexchanges;adboard_data;1
optimaloptimal;adboard_data;1
confidenceconfidence;adboard_data;1
wellwell;adboard_data;1
depotdepot;adboard_data;1
complicationscomplications;adboard_data;1
uncommonuncommon;adboard_data;1
shootshoot;adboard_data;1
implantationimplantation;adboard_data;1
responsiveresponsive;adboard_data;1
communicatingcommunicating;adboard_data;1
commuicationcommuication;adboard_data;1
earear;adboard_data;1
playplay;adboard_data;1
hand-in-handhand-in-hand;adboard_data;1
factfact;adboard_data;1
dutiesduties;adboard_data;1
adjustmentsadjustments;adboard_data;1
similaritiessimilarities;adboard_data;1
hurdleshurdles;adboard_data;1
playersplayers;adboard_data;1
collaboratorcollaborator;adboard_data;1
picturespictures;adboard_data;1
fluctuatorsfluctuators;adboard_data;1
skin;adboard_data;1
wall;adboard_data;1
sliding;adboard_data;1
resistance;adboard_data;1
clasp;adboard_data;1
stomachstomach;adboard_data;1
compiled;adboard_data;1
distributed;adboard_data;1
re-enforced;adboard_data;1
clinics;adboard_data;1
nw;adboard_data;1
packet;adboard_data;1
ignore;adboard_data;1
puts;adboard_data;1
secured;adboard_data;1
tightly;adboard_data;1
unclasp;adboard_data;1
til;adboard_data;1
secure;adboard_data;1
informational;adboard_data;1
packets;adboard_data;1
ideal;adboard_data;1
preventing;adboard_data;1
bumper;adboard_data;1
imbedding;adboard_data;1
tissue;adboard_data;1
falling;adboard_data;1
concerning;adboard_data;1
worry;adboard_data;1
slide;adboard_data;2
unclamp;adboard_data;1
rns;adboard_data;1
mas;adboard_data;1
developed;adboard_data;1
fantastic;adboard_data;1
incase;adboard_data;1
discussions;adboard_data;1
institution;adboard_data;1
re-enforcedre-enforced;adboard_data;1
preferprefer;adboard_data;2
telltell;adboard_data;1
portionportion;adboard_data;2
wallwall;adboard_data;1
securesecure;adboard_data;1
packetspackets;adboard_data;1
tissuetissue;adboard_data;1
resistanceresistance;adboard_data;1
rnsrns;adboard_data;1
officeoffice;adboard_data;4
fantasticfantastic;adboard_data;1
discussionsdiscussions;adboard_data;1
institutioninstitution;adboard_data;1
reference;adboard_data;1
else;adboard_data;4
expanding;adboard_data;1
info;adboard_data;3
involvedinvolved;adboard_data;1
accessaccess;adboard_data;1
suggestion;adboard_data;2
1-pager;adboard_data;1
telephone;adboard_data;1
websites;adboard_data;1
shared;adboard_data;1
attached;adboard_data;1
commentary;adboard_data;1
guideguide;adboard_data;1
infoinfo;adboard_data;2
expandexpand;adboard_data;1
unified;adboard_data;1
vaguely;adboard_data;1
contacted;adboard_data;1
description;adboard_data;2
initiate;adboard_data;1
iteration;adboard_data;1
thankthank;adboard_data;2
awareaware;adboard_data;1
linklink;adboard_data;2
kindkind;adboard_data;1
bookbook;adboard_data;1
noticed;adboard_data;1
timing;adboard_data;1
recently;adboard_data;1
secondly;adboard_data;1
recommendations;adboard_data;3
recommendationsrecommendations;adboard_data;2
accurately;adboard_data;1
requirements;adboard_data;1
weekweek;adboard_data;2
requirementsrequirements;adboard_data;1
learned;adboard_data;2
mechanisms;adboard_data;2
ad;adboard_data;1
connections;adboard_data;1
re-iterating;adboard_data;1
vitally;adboard_data;1
restrictions;adboard_data;1
assess;adboard_data;2
efficiency;adboard_data;2
referral;adboard_data;2
reflection;adboard_data;1
patieints;adboard_data;1
despite;adboard_data;1
multiple;adboard_data;2
pieces;adboard_data;2
puzzle;adboard_data;1
everybody;adboard_data;1
heart;adboard_data;1
homes;adboard_data;1
practitioner;adboard_data;1
describes;adboard_data;1
hoag;adboard_data;1
on-boarding;adboard_data;1
re-assuring;adboard_data;1
representation;adboard_data;1
latest;adboard_data;1
drugs;adboard_data;1
failed;adboard_data;1
pointpoint;adboard_data;2
connectionsconnections;adboard_data;1
assessassess;adboard_data;1
accurateaccurate;adboard_data;1
patieintspatieints;adboard_data;1
piecespieces;adboard_data;1
homeshomes;adboard_data;1
practitionerpractitioner;adboard_data;1
nmnm;adboard_data;1
consistentconsistent;adboard_data;1
callcall;adboard_data;1
re-assuringre-assuring;adboard_data;1
representationrepresentation;adboard_data;1
ambassadorambassador;adboard_data;2
drugsdrugs;adboard_data;1
advisory;adboard_data;2
scheduleschedule;adboard_data;1
alternative;adboard_data;1
forum;adboard_data;2
convenient;adboard_data;1
whenever;adboard_data;1
participate;adboard_data;2
logged;adboard_data;1
tended;adboard_data;1
chug;adboard_data;1
missed;adboard_data;1
dialogue;adboard_data;2
notifications;adboard_data;2
excessive;adboard_data;1
super;adboard_data;1
straight;adboard_data;1
reply;adboard_data;4
tag;adboard_data;1
consuming;adboard_data;1
adjust;adboard_data;1
cut;adboard_data;1
happen;adboard_data;1
fluidly;adboard_data;1
interruptions;adboard_data;1
enjoyed;adboard_data;2
navigating;adboard_data;1
intuitive;adboard_data;2
password;adboard_data;3
reset;adboard_data;3
seemed;adboard_data;1
redundant;adboard_data;1
overalloverall;adboard_data;2
worksworks;adboard_data;3
loglog;adboard_data;1
firstfirst;adboard_data;1
excessiveexcessive;adboard_data;1
incorporateincorporate;adboard_data;2
happenhappen;adboard_data;1
interruptionsinterruptions;adboard_data;1
intuitiveintuitive;adboard_data;1
redundantredundant;adboard_data;1
coe;adboard_data;1
enhancements;adboard_data;1
differences;adboard_data;1
offices;adboard_data;2
differencesdifferences;adboard_data;1
officesoffices;adboard_data;1
improved;adboard_data;1
implanted;adboard_data;1
almost;adboard_data;1
putting;adboard_data;2
letting;adboard_data;1
finding;adboard_data;1
foregone;adboard_data;1
faceface;adboard_data;1
efficiencyefficiency;adboard_data;1
challengechallenge;adboard_data;1
selectionselection;adboard_data;1
reluctantreluctant;adboard_data;1
levels;adboard_data;1
comfort;adboard_data;1
metrics;adboard_data;1
quantifiable;adboard_data;1
external;adboard_data;1
qualify;adboard_data;1
respective;adboard_data;1
institutions;adboard_data;1
promotional;adboard_data;2
visibility;adboard_data;1
patterns;adboard_data;1
approvals;adboard_data;1
faster;adboard_data;1
picking;adboard_data;1
designated;adboard_data;1
following;adboard_data;2
monday;adboard_data;1
dose;adboard_data;1
truly;adboard_data;1
coordinate;adboard_data;1
treated;adboard_data;1
therefore;adboard_data;1
drastically;adboard_data;1
met;adboard_data;1
located;adboard_data;1
building;adboard_data;1
emphasizing;adboard_data;1
reversibility;adboard_data;1
excellence;adboard_data;1
allow;adboard_data;2
substance;adboard_data;1
accolades;adboard_data;1
grasp;adboard_data;1
insurances;adboard_data;1
non-abbvie;adboard_data;1
caused;adboard_data;1
improving;adboard_data;1
reversible;adboard_data;1
special;adboard_data;1
event;adboard_data;1
emphasized;adboard_data;1
metricsmetrics;adboard_data;1
coecoe;adboard_data;1
earlyearly;adboard_data;1
efficientefficient;adboard_data;1
approvalsapprovals;adboard_data;1
creditcredit;adboard_data;1
coordinatecoordinate;adboard_data;1
majormajor;adboard_data;1
emremr;adboard_data;1
insurancesinsurances;adboard_data;1
msms;adboard_data;1
showshow;adboard_data;1
peer;adboard_data;1
invaluable;adboard_data;1
ryan;adboard_data;1
male;adboard_data;1
female;adboard_data;1
ryanryan;adboard_data;1
rely;adboard_data;2
guidance;adboard_data;1
trumpinski;adboard_data;1
supplanted;adboard_data;1
pursing;adboard_data;1
launching;adboard_data;1
demographic;adboard_data;1
kidding;adboard_data;1
educate;adboard_data;1
limitations;adboard_data;2
exec;adboard_data;1
mechanismsmechanisms;adboard_data;1
datedate;adboard_data;1
limitationslimitations;adboard_data;1
accountaccount;adboard_data;1
introducing;adboard_data;1
user;adboard_data;1
friendly;adboard_data;1
kick;adboard_data;1
alerts;adboard_data;1
homepage;adboard_data;1
signed;adboard_data;1
stretch;adboard_data;1
glitch;adboard_data;1
resolve;adboard_data;1
requested;adboard_data;1
inbox;adboard_data;1
resolution;adboard_data;1
literally;adboard_data;1
closure;adboard_data;1
navigatenavigate;adboard_data;1
utilizeutilize;adboard_data;1
homepagehomepage;adboard_data;1
abilityability;adboard_data;2
stretchstretch;adboard_data;1
glitchglitch;adboard_data;1
resetreset;adboard_data;2
attemptsattempts;adboard_data;1
studies;adboard_data;1
evidence;adboard_data;2
evidenceevidence;adboard_data;2
studiesstudies;adboard_data;1
recommending;adboard_data;4
research;adboard_data;2
suggesting;adboard_data;1
science;adboard_data;1
researchresearch;adboard_data;1
priorprior;adboard_data;1
sciencescience;adboard_data;1
mocha;adboard_data;1
investing;adboard_data;1
fixed;adboard_data;1
income;adboard_data;1
prediabetes;adboard_data;1
prevention;adboard_data;1
ibs;adboard_data;1
mochamocha;adboard_data;1
glucernaglucerna;adboard_data;2
theory;adboard_data;1
endorsement;adboard_data;1
substitute;adboard_data;1
se;adboard_data;1
realm;adboard_data;1
nutrition;adboard_data;4
tricks;adboard_data;1
definetely;adboard_data;1
holly;adboard_data;2
diane;adboard_data;1
hart;adboard_data;1
ba;adboard_data;1
adn;adboard_data;1
tastes;adboard_data;2
endorsementendorsement;adboard_data;1
valuevalue;adboard_data;1
crucialcrucial;adboard_data;2
snacksnack;adboard_data;1
nutritionnutrition;adboard_data;2
trickstricks;adboard_data;1
baba;adboard_data;1
greatgreat;adboard_data;3
hesitation;adboard_data;1
freedom;adboard_data;1
active;adboard_data;1
listener;adboard_data;1
participator;adboard_data;1
settings;adboard_data;1
online;adboard_data;2
express;adboard_data;1
miss;adboard_data;2
adboard;adboard_data;1
obviously;adboard_data;2
environment;adboard_data;1
pros;adboard_data;1
cons;adboard_data;1
types;adboard_data;1
responsibility;adboard_data;1
shocking;adboard_data;1
hesitationhesitation;adboard_data;1
schedulesschedules;adboard_data;1
settingssettings;adboard_data;1
forumforum;adboard_data;1
dialoguedialogue;adboard_data;1
conscons;adboard_data;1
typestypes;adboard_data;1
size;adboard_data;1
sizesize;adboard_data;1
sample;adboard_data;2
knowknow;adboard_data;1
smaller;adboard_data;1
juice;adboard_data;1
hcp;adboard_data;2
waste;adboard_data;1
sampling;adboard_data;1
palate;adboard_data;1
fatigue;adboard_data;1
creamy;adboard_data;1
hcphcp;adboard_data;1
wastewaste;adboard_data;1
alert;adboard_data;1
alerted;adboard_data;1
necessarily;adboard_data;1
head;adboard_data;1
preferences;adboard_data;2
creamycreamy;adboard_data;1
samplessamples;adboard_data;3
satiety;adboard_data;1
juice-like;adboard_data;1
consistency;adboard_data;1
beverage;adboard_data;1
beveragebeverage;adboard_data;1
contents;adboard_data;1
educational;adboard_data;1
material;adboard_data;1
hesitate;adboard_data;1
credibility;adboard_data;1
essential;adboard_data;1
hcps;adboard_data;1
texture;adboard_data;1
ok;adboard_data;1
commented;adboard_data;2
chocolate;adboard_data;1
strawberry;adboard_data;1
vanilla;adboard_data;1
americans;adboard_data;1
liking;adboard_data;1
sweetened;adboard_data;1
beverages;adboard_data;1
tastestastes;adboard_data;1
credibilitycredibility;adboard_data;1
buy-inbuy-in;adboard_data;1
costcost;adboard_data;1
samplesample;adboard_data;1
clinicianclinician;adboard_data;3
interventionintervention;adboard_data;1
hcpshcps;adboard_data;1
satietysatiety;adboard_data;1
texturetexture;adboard_data;1
shipped;adboard_data;1
box;adboard_data;1
water;adboard_data;1
priority;adboard_data;1
sole;adboard_data;1
marked;adboard_data;1
waterwater;adboard_data;1
prioritypriority;adboard_data;1
solesole;adboard_data;1
managers;adboard_data;1
state;adboard_data;1
honest;adboard_data;1
huge;adboard_data;1
employee;adboard_data;1
refrigerate;adboard_data;1
cabinet;adboard_data;1
break;adboard_data;1
receptive;adboard_data;1
specify;adboard_data;1
preferably;adboard_data;1
testimonial;adboard_data;1
passionate;adboard_data;1
managersmanagers;adboard_data;1
handhand;adboard_data;1
hugehuge;adboard_data;1
bringbring;adboard_data;1
roomroom;adboard_data;1
testimonialtestimonial;adboard_data;1
representativerepresentative;adboard_data;1
completing;adboard_data;1
vested;adboard_data;1
task;adboard_data;1
told;adboard_data;1
comply;adboard_data;1
computer;adboard_data;1
savvy;adboard_data;2
customer;adboard_data;2
participation;adboard_data;1
completion;adboard_data;1
rates;adboard_data;1
stakeholder;adboard_data;1
participating;adboard_data;1
increases;adboard_data;2
scan;adboard_data;1
qr;adboard_data;2
code;adboard_data;2
incentives;adboard_data;2
tasktask;adboard_data;1
likelihoodlikelihood;adboard_data;1
savvysavvy;adboard_data;1
enticemententicement;adboard_data;1
stakeholderstakeholder;adboard_data;1
exampleexample;adboard_data;1
magnet;adboard_data;1
coupon;adboard_data;1
apps;adboard_data;1
embrace;adboard_data;1
tech;adboard_data;1
stainless;adboard_data;1
steel;adboard_data;1
appsapps;adboard_data;1
notificationsnotifications;adboard_data;1
refrigerator;adboard_data;1
magnets;adboard_data;1
subset;adboard_data;1
exclusive;adboard_data;1
xyz;adboard_data;1
download;adboard_data;1
individualsindividuals;adboard_data;1
appapp;adboard_data;1
amenable;adboard_data;1
profile;adboard_data;1
age;adboard_data;1
conditions;adboard_data;1
items;adboard_data;2
muffin;adboard_data;1
namename;adboard_data;1
conditionsconditions;adboard_data;1
itemsitems;adboard_data;2
receiving;adboard_data;1
fond;adboard_data;1
suppose;adboard_data;1
refrigerators;adboard_data;1
ss;adboard_data;1
susan;adboard_data;1
add;adboard_data;1
focus;adboard_data;1
millions;adboard_data;1
physically;adboard_data;1
inactive;adboard_data;1
relative;adboard_data;1
hdls;adboard_data;1
triglycerides;adboard_data;1
smartphones;adboard_data;1
usage;adboard_data;1
btw;adboard_data;1
save;adboard_data;1
dietitian;adboard_data;1
tab;adboard_data;1
print;adboard_data;1
purchasing;adboard_data;1
shoes;adboard_data;1
wonder;adboard_data;1
hipaa-protected;adboard_data;1
chain;adboard_data;1
enclosed;adboard_data;1
served;adboard_data;1
visual;adboard_data;1
graphic;adboard_data;1
donut;adboard_data;1
breakfast;adboard_data;1
sandwich;adboard_data;1
libre;adboard_data;1
reader;adboard_data;1
receiver;adboard_data;1
capture;adboard_data;1
physical;adboard_data;1
offers;adboard_data;1
fails;adboard_data;1
solicit;adboard_data;1
grandchild;adboard_data;1
niece;adboard_data;1
nephew;adboard_data;1
verbiage;adboard_data;1
supposesuppose;adboard_data;1
refrigeratorsrefrigerators;adboard_data;1
magnetsmagnets;adboard_data;1
triglyceridestriglycerides;adboard_data;1
magnetmagnet;adboard_data;1
usageusage;adboard_data;1
smallsmall;adboard_data;1
includeinclude;adboard_data;1
hipaa-protectedhipaa-protected;adboard_data;1
couponcoupon;adboard_data;1
donutdonut;adboard_data;1
majoritymajority;adboard_data;1
codecode;adboard_data;1
receiverreceiver;adboard_data;1
preferencespreferences;adboard_data;1
nieceniece;adboard_data;1
verbiageverbiage;adboard_data;1
xyzxyz;adboard_data;1
answers;adboard_data;1
teach;adboard_data;1
glycemic;adboard_data;1
id;adboard_data;1
highest;adboard_data;1
promotions;adboard_data;1
instruct;adboard_data;1
noted;adboard_data;1
folks;adboard_data;1
struggle;adboard_data;1
tools;adboard_data;1
package;adboard_data;1
surprise;adboard_data;1
enables;adboard_data;1
reiterate;adboard_data;1
looks;adboard_data;1
reminder;adboard_data;1
doughnut;adboard_data;1
cake-like;adboard_data;1
nutritious;adboard_data;1
jodon;adboard_data;1
mpas;adboard_data;1
answersanswers;adboard_data;1
remindremind;adboard_data;1
folksfolks;adboard_data;1
responsesresponses;adboard_data;1
surprisesurprise;adboard_data;1
customercustomer;adboard_data;1
benefitsbenefits;adboard_data;1
sandwichsandwich;adboard_data;1
muffinmuffin;adboard_data;1
suggestionsuggestion;adboard_data;1
msnmsn;adboard_data;1
mbamba;adboard_data;1
replyreply;adboard_data;1
tipstips;adboard_data;1
thoughtfulthoughtful;adboard_data;1
smartphonessmartphones;adboard_data;1
context;adboard_data;1
sorts;adboard_data;1
unpack;adboard_data;1
mailed;adboard_data;1
delivered;adboard_data;1
lost;adboard_data;1
processed;adboard_data;1
plus;adboard_data;1
remember;adboard_data;1
addressed;adboard_data;1
personalized;adboard_data;1
encouraging;adboard_data;1
contextcontext;adboard_data;1
letterletter;adboard_data;1
obtaining;adboard_data;1
ensures;adboard_data;1
deliver;adboard_data;1
capacity;adboard_data;1
packages;adboard_data;1
misplaced;adboard_data;1
succinctly;adboard_data;1
explained;adboard_data;1
sift;adboard_data;1
personalizing;adboard_data;1
addresses;adboard_data;1
homehome;adboard_data;1
packagespackages;adboard_data;1
letlet;adboard_data;1
constraintsconstraints;adboard_data;1
findfind;adboard_data;1
